{"cameraMode":{"drawMode":0,"name":"Shaded","section":"Shading Mode"},"sceneLighting":false,"audioPlay":false,"sceneViewState":{"showFog":true,"showMaterialUpdate":false,"showSkybox":false,"showFlares":true,"showImageEffects":true,"showParticleSystems":true},"in2DMode":false,"pivot":{"x":-80.15205383300781,"y":4.877345085144043,"z":-58.29669189453125},"rotation":{"x":-0.22595874965190888,"y":0.7326045632362366,"z":-0.2886350154876709,"w":-0.5735233426094055},"size":4.106027126312256,"orthographic":false}