{"cameraMode":{"drawMode":0,"name":"Shaded","section":"Shading Mode"},"sceneLighting":true,"audioPlay":false,"sceneViewState":{"showFog":true,"showMaterialUpdate":false,"showSkybox":true,"showFlares":true,"showImageEffects":true,"showParticleSystems":true},"in2DMode":false,"pivot":{"x":785.5499877929688,"y":3.6203036308288576,"z":468.2400817871094},"rotation":{"x":-0.03426041081547737,"y":0.7039487957954407,"z":-0.034033093601465228,"w":-0.7086111903190613},"size":9.008258819580079,"orthographic":false}